promise_id,promise_text,code_status,test_status,measured_status,docs_status,gap,priority,owner_phase,notes,evidence_links
P-01,Enumerates methods and keeps rejects visible,present,integration,n/a,current,No material gap: 12 method×placement rows stay in the matrix; unsupported/infeasible retain rejection_reasons; experimental methods are nonselectable not hidden.,P2,M2,"Solid core. M2 still owns workbench/CLI why-completeness so rejected rows never look like soft success. Quantized FSDP Full FSDP MLX Full experimental-select covered in planner/API tests. Full FP16 is planner+contract refused but lacks a dedicated named unittest pin (M1 false-yes hunt P2 residual).","src/aptus/planning.py; src/aptus/methods/registry.py; tests/aptus/test_planning.py (test_single_gpu_keeps_multi_gpu_strategies_visible_but_unsupported test_quantized_fsdp_is_fail_closed test_full_fsdp_is_closed_and_lora_fsdp_requires_pilot); tests/aptus/test_methods.py; tests/aptus/test_api.py (method catalog selectable/experimental); docs/reference/capability-matrix.md; README.md What is supported; M1-falseyes-and-claims.md"
P-02,Separates estimate from measurement in UI and CLI,present,integration,n/a,current,"Estimate fields (point_estimate_bytes upper_estimate_bytes) stay distinct from measured peaks and provenance kinds; UI labels Not measured. Residual risk is CLI operator presentation not always spelling estimate vs measured as clearly as Compare stage.",P2,M2,Prefer partial only if a surface collapses labels; forensic read finds API/web/domain separation present. M2 CLI parity can tighten operator-facing wording.,"src/aptus/domain.py; web/src/lib/plan.ts; web/src/api.test.ts (distinguishes estimated and tokenizer-measured); docs/product/claim-language.md; docs/methodology/facts-and-provenance.md; docs/methodology/memory-estimation.md"
P-03,Refuses unsupported method/placement with explicit reason,present,integration,n/a,current,Reasons are free-text English on candidates; no structured reason_code catalog yet (M2). Refusal itself is present not silent.,P1,M2,P1 because mission trust-when-no requires operator-actionable catalogization even though code already rejects. Pair with P-18.,"src/aptus/planning.py (unsupported/infeasible/conditional lists → rejection_reasons); tests/aptus/test_planning.py; docs/reference/capability-matrix.md method-specific hard boundaries; docs/guides/troubleshooting.md No feasible candidate"
P-04,Model policy fail-closed (no silent family allow),present,integration,historical,current,No silent family-prefix allow: near-matches blocked; invalid receipt fails closed; only exact registry paths bind. Measured MoE refusal is historical admission packet not training success.,P2,none,Configuration-footprint Qwen2 policy is not an artifact allowlist (documented). Keep non-claim when discussing P-16 Alpha footprint.,"src/aptus/model_compatibility.py; tests/aptus/test_model_compatibility.py; tests/aptus/test_planning.py (qwen3_moe_near_match sparse_architecture_marker); docs/product/current-capabilities.md; docs/operations/evidence/2026-07-28-qwen3-moe-admission/"
P-05,Plan identity changes when bound facts change,present,integration,n/a,current,No material gap. plan_id_for_payload / identity digest bind facts policy snapshot decision receipt target values.,P2,none,Foundational contract solid. Any formula-version bump still requires identity bump per repo rules.,"src/aptus/plan_contract.py; tests/aptus/test_plan_contract.py (test_phase3_target_values_mutate_candidate_and_plan_identity test_plan_identity_*); tests/aptus/test_planning.py (test_plan_binds_policy_snapshot_digest_into_identity); docs/architecture/data-and-identity-flow.md"
P-06,Compile is atomic and no-clobber,present,integration,n/a,current,No material gap. Non-empty output_dir and existing archive raise FileExistsError; atomic publish aborts on dataset change mid-compile.,P2,none,Preserve no-clobber in M3/M4 operator runbooks (new path every recompile).,"src/aptus/generation.py (compile refuses non-empty; archive no-clobber); tests/aptus/test_generation.py (test_dataset_change_aborts_atomic_publish FileExistsError cases); docs/guides/compile-validate-run.md; docs/reference/error-codes.md path_conflict"
P-07,Bundle runs package-free for validation subset,present,e2e-sim,historical,current,"Package-free validate/run entrypoints work without importing aptus for static/dependency/model-data/preflight/pilot subset. By design they cannot prove installed-host policy currency; that is installed-host only. Historical Alpha/Beta packets exercised package-free ladder gates.",P2,none,Document currency boundary in solo runbooks so operators do not confuse package-free pass with host currency.,"src/aptus/_bundle_programs/; tests/aptus/test_generation.py (_run_package_free_*); docs/product/current-capabilities.md package-free paragraph; docs/guides/compile-validate-run.md; docs/operations/evidence/2026-08-05-qwen2-mlx-lm-exact-source-refresh/; docs/operations/evidence/2026-08-06-smollm2-cuda-lora-single-acceptance/"
P-08,Ordered gates cannot be skipped for managed train,present,integration,historical,current,Managed job service returns job_prerequisite_not_met (HTTP 409) when action order violated; higher validation actions re-run lower levels. Historical five-job ladders honor order.,P1,M3,Mechanism present. Owner M3 to re-prove ordered managed ladder at current HEAD for Path Alpha; M4 re-proves Path Beta (note in M4 work). False skip would be false-yes → treat as mission-critical to keep green.,"src/aptus/execution.py (JobPrerequisiteNotMet); tests/aptus/test_api.py (test_job_prerequisite_failure_is_typed_as_http_409); tests/aptus/test_cli.py; docs/reference/error-codes.md; docs/guides/compile-validate-run.md; docs/reference/run-states.md; historical: 2026-08-05 and 2026-08-06 acceptance packets"
P-09,Parent promotion required for measured-run-pass,present,integration,historical,current,"Child cannot self-certify measured-run-pass; managed full defers parent promotion; unreceipted promotion fails. Diagnostics record attempt-01-unreceipted-parent-promotion. Current-HEAD promotion evidence not yet re-proved for frozen path IDs.",P1,M3,Alpha historical measured-run-pass binds parent promotion; Beta acceptance too. M3 owns Alpha re-proof; M4 owns Beta. Diagnostics show unreceipted path was blocked.,"src/aptus/execution.py (_promote_*_train_attestation); src/aptus/generation.py (defer-parent-promotion); tests/aptus/test_execution.py (mlx_parent_promotion parent_receipts); tests/aptus/test_generation.py (test_generated_mlx_managed_full_defers_only_parent_promotion); docs/operations/evidence/2026-08-05-qwen2-mlx-lm-acceptance/diagnostics/attempt-01-unreceipted-parent-promotion/; docs/operations/release-gates.md §4"
P-10,Stale policy requires replan not silent accept,present,integration,n/a,current,Stale snapshot/decision/schema → replan_required (409); no silent accept or auto-relabel of saved bytes. Tampering classified separately from stale.,P2,none,Solid. Keep distinct from authorization_status deferred/blocked in UI.,"src/aptus/plan_contract.py (StaleModelPolicyError replan_required); tests/aptus/test_plan_contract.py (stale_snapshot_digest stale_registered_policy); tests/aptus/test_api.py (test_stale_same_schema_policy_maps_to_replan_required test_stale_policy_job_submission_requires_replanning); docs/product/current-capabilities.md Strict replanning; docs/reference/error-codes.md replan_required"
P-11,MLX resume arguments fail closed,present,integration,n/a,current,No material gap. --resume-from rejected on MLX train/run; resume_supported false enforced in metrics/validation; full-training resume fail-closed in operator docs.,P2,none,NG-05 freeze aligns. Do not weaken during M3.,"src/aptus/_bundle_programs/mlx/train.py; mlx/run.py; tests/aptus/test_generation.py (test_generated_mlx_resume_arguments_fail_closed test_bundle_documents_parent_runner_and_fail_closed_resume); docs/guides/choose-your-path.md Path B; docs/operations/release-gates.md; M0-NONGOALS-FREEZE.md NG-05"
P-12,CUDA multi-GPU not falsely claimed ready,present,integration,none,current,"Planner enumerates DDP/FSDP rows as planner-supported or unsupported; single-GPU plans mark multi-GPU strategies UNSUPPORTED with reasons. Public docs explicitly leave multi-GPU acceptance open (NG-07). Residual risk is dual vocabulary planner-supported vs runtime-qualified if UI styles planner support as ready.",P1,M2,No multi-GPU measured campaign (correct). M2 must ensure Compare stage never paints DDP/FSDP as measured-ready. Not a current false claim on README/capability matrix after forensic read.,"tests/aptus/test_planning.py (test_single_gpu_keeps_multi_gpu_strategies_visible_but_unsupported); docs/reference/capability-matrix.md CUDA matrix + multi-GPU open statements; README.md What is supported; docs/operations/evidence/2026-08-11-cuda-phase10-certification/ (explicit non multi-GPU); M0-NONGOALS-FREEZE.md NG-07; M0-PATH-BETA-FREEZE.md non-claims"
P-13,Job cancellation does not mark success,present,integration,historical,current,Cancel persists cancelled; never relabels dead process as success; verifying noncancellable; Phase 9 historical job-control exercises passed.,P2,none,Keep green under M3/M4 job ladders. Phase 9 is historical supporting evidence not current-HEAD path proof.,"src/aptus/execution.py cancel path; tests/aptus/test_execution.py (test_cancel_terminates_process_group_and_persists_cancelled_state test_completion_verification_is_noncancellable); docs/operations/release-gates.md §5 Job control; docs/operations/evidence/2026-08-11-cuda-phase9-endurance/"
P-14,Doctor does not silently install packages,present,integration,n/a,current,No material gap. build_doctor_report sets installation_performed false; probes only; next_steps instruct operator to install explicitly.,P2,none,Aligns NG-10. Bundle pip install is operator-initiated in runbook not doctor.,"src/aptus/diagnostics.py (installation_performed: False); src/aptus/cli.py doctor help; tests/aptus/test_diagnostics.py (test_doctor_reports_readiness_without_exposing_environment_values); docs/operations/operator-checklist.md; M0-NONGOALS-FREEZE.md NG-10"
P-15,Claim language on README matches evidence,present,static-only,historical,current,"README claim language is carefully evidence-bound (enumerated set not optimal; exact packets; multi-GPU open; unreleased 0.2). No live false-yes found on public README during audit. Gap is ongoing sustain plus absence of a single release-honest product promise packet (expected pre-M3/M4).",P1,M9,P1 for mission anti-drift forever; no immediate wording fix required. Re-audit after M3/M4 evidence updates. test_documentation pins some claim-language strings.,"README.md; docs/product/claim-language.md; docs/product/current-capabilities.md; tests/aptus/test_documentation.py; docs/operations/evidence/2026-08-05-qwen2-mlx-lm-exact-source-refresh/; docs/operations/evidence/2026-08-06-smollm2-cuda-lora-single-acceptance/; docs/operations/evidence/2026-08-11-cuda-phase10-certification/"
P-16,Path Alpha can be completed by solo operator runbook,partial,static-only,historical,partial,"Mechanics exist (plan/compile/validate/run/parent promotion). Missing: identity-bound solo runbook for path-alpha-mlx-qlora-v1 (exact model revision dataset pins interpreter steps); current-HEAD re-proof of measured-run-pass; release-evidence packet at HEAD. Historical exact-source refresh is identity freeze only (M0).",P1,M3,M0 freeze explicitly: historical success is not M3 exit. Prefer reusing frozen identity; document any delta. General Path B in choose-your-path is not Alpha-identity complete.,".superpowers/mission-integrity-plan/M0-PATH-ALPHA-FREEZE.md; docs/operations/evidence/2026-08-05-qwen2-mlx-lm-exact-source-refresh/; docs/getting-started/choose-your-path.md Path B; docs/operations/operator-checklist.md; docs/guides/compile-validate-run.md; docs/product/mission-integrity-plan.md §10 M3"
P-17,Path Beta can be completed by solo operator runbook,partial,static-only,historical,partial,"Mechanics exist for CUDA single LoRA five-job ladder + structural PEFT export. Missing: identity-bound Mac→CUDA handoff runbook for path-beta-cuda-lora-single-v1; clean-env dependency install at current HEAD; measured re-proof on authorized host class. Phase 5/10 are supporting not primary identity.",P1,M4,M0 freeze: M4 must re-prove; do not merge Phase 5 source into acceptance identity. Semantic CUDA adapter reload remains non-claim.,".superpowers/mission-integrity-plan/M0-PATH-BETA-FREEZE.md; docs/operations/evidence/2026-08-06-smollm2-cuda-lora-single-acceptance/; docs/operations/evidence/2026-08-10-cuda-phase5-repeatability-anchor/; docs/operations/evidence/2026-08-11-cuda-phase10-certification/; docs/getting-started/choose-your-path.md; docs/guides/compile-validate-run.md; docs/product/mission-integrity-plan.md M4"
P-18,Refusal explains what fact would need to change,partial,static-only,n/a,drift,"rejection_reasons are human-readable but not structured changeable_facts. No M2 refusal catalog. Troubleshooting gives generic causes not per-reason change maps. Does not fully meet mission three-question bar (what/why/what can change).",P1,M2,Highest mission-linked UX gap after false-yes hunt found no silent yes. M2.1 catalog is the primary closeout.,"src/aptus/planning.py rejection_reasons construction; docs/guides/troubleshooting.md; docs/reference/error-codes.md; docs/product/mission-integrity-plan.md §9.5 Design rule; web/src Compare/rejection display surfaces"
P-19,Recommended alternative is within enumerated set only,present,integration,n/a,current,"recommended is always a listed candidate; select_candidate rejects nonselectable/mutated/rejected. No optimizer outside catalog. First-class correction loop (one-click ideal fix) is incomplete productization (M5) but does not leave the enumerated set.",P2,M5,Invariant I4 holds in code/docs. M5 owns correction UX polish not a new searcher.,"src/aptus/planning.py recommended selection; src/aptus/plan_contract.py select_candidate; tests/aptus/test_plan_contract.py (test_select_candidate_rejects_nonselectable); README.md recommendation wording; docs/product/claim-language.md; docs/product/mission-integrity-plan.md §9–11 M5"
P-20,Export verification matches release-gates for path,present,integration,historical,current,"Structural export verification implemented for CUDA PEFT and MLX final-export/reload contracts per release-gates. Path Alpha historical includes fresh-process reload; Path Beta structural only (semantic CUDA reload open by design). Current-HEAD path-scoped gate closeout not done.",P1,M3,M3 closes Alpha export+reload+promotion at HEAD. M4 closes Beta structural PEFT export verification at HEAD without claiming semantic reload. Align packets with docs/operations/release-gates.md and release-evidence-template.md.,"src/aptus/validation.py final-export checks; tests/aptus/test_validation.py; docs/operations/release-gates.md §4; docs/operations/evidence/2026-08-05-qwen2-mlx-lm-exact-source-refresh/; docs/operations/evidence/2026-08-06-smollm2-cuda-lora-single-acceptance/ (adapter_model.safetensors structural); docs/product/claim-language.md parent verified structural export"
